{
	"class_name" : "PinholeCameraParameters",
	"extrinsic" : 
	[
		0.99244596407841001,
		0.0025968782166282105,
		-0.12265506352370149,
		0.0,
		-0.002929162563815911,
		-0.9989893613863482,
		-0.044851709483262815,
		0.0,
		-0.12264757800768011,
		0.044872174679017614,
		-0.99143535318669462,
		0.0,
		6.1267296767204051,
		-0.33710943975884078,
		218.73480708273587,
		1.0
	],
	"intrinsic" : 
	{
		"height" : 1800,
		"intrinsic_matrix" : 
		[
			1558.8457268119896,
			0.0,
			0.0,
			0.0,
			1558.8457268119896,
			0.0,
			599.5,
			899.5,
			1.0
		],
		"width" : 1200
	},
	"version_major" : 1,
	"version_minor" : 0
}