{
	"class_name" : "PinholeCameraParameters",
	"extrinsic" : 
	[
		1.0,
		-0.0,
		-0.0,
		0.0,
		0.0,
		-1.0,
		-0.0,
		0.0,
		0.0,
		-0.0,
		-1.0,
		0.0,
		19.824125289916992,
		-2.0143623352050781,
		230.23137465776784,
		1.0
	],
	"intrinsic" : 
	{
		"height" : 1800,
		"intrinsic_matrix" : 
		[
			1558.8457268119896,
			0.0,
			0.0,
			0.0,
			1558.8457268119896,
			0.0,
			599.5,
			899.5,
			1.0
		],
		"width" : 1200
	},
	"version_major" : 1,
	"version_minor" : 0
}