{
	"class_name" : "PinholeCameraParameters",
	"extrinsic" : 
	[
		1.0,
		-0.0,
		-0.0,
		0.0,
		0.0,
		-1.0,
		-0.0,
		0.0,
		0.0,
		-0.0,
		-1.0,
		0.0,
		7.1764488220214844,
		-0.71992111206054688,
		219.57795414530364,
		1.0
	],
	"intrinsic" : 
	{
		"height" : 1800,
		"intrinsic_matrix" : 
		[
			1558.8457268119896,
			0.0,
			0.0,
			0.0,
			1558.8457268119896,
			0.0,
			599.5,
			899.5,
			1.0
		],
		"width" : 1200
	},
	"version_major" : 1,
	"version_minor" : 0
}